{
  "add_env_demos": true,
  "add_env_offpolicy_data": true,
  "algorithm": "AWAC",
  "batch_size": 1024,
  "collection_mode": "batch",
  "env_id": "pen-v0",
  "exp_id": "0",
  "exp_prefix": "11-07-hand-awac1",
  "instance_type": "None",
  "launcher_config": {
    "num_exps_per_instance": 1,
    "region": "us-west-2"
  },
  "load_demos": true,
  "max_path_length": 1000,
  "min_num_steps_before_training": 1000,
  "normalize_env": false,
  "num_epochs": 501,
  "num_eval_steps_per_epoch": 1000,
  "num_expl_steps_per_train_loop": 1000,
  "num_trains_per_train_loop": 1000,
  "path_loader_class": {
    "$class": "rlkit.demos.source.dict_to_mdp_path_loader.DictToMDPPathLoader"
  },
  "path_loader_kwargs": {
    "demo_paths": [],
    "obs_key": "state_observation"
  },
  "policy_class": {
    "$class": "rlkit.torch.sac.policies.gaussian_policy.GaussianPolicy"
  },
  "policy_kwargs": {
    "hidden_sizes": [
      256,
      256
    ],
    "max_log_std": 0,
    "min_log_std": -6,
    "std_architecture": "values"
  },
  "pretrain_policy": true,
  "pretrain_rl": true,
  "qf_kwargs": {
    "hidden_sizes": [
      256,
      256
    ],
    "output_activation": {
      "$function": "rlkit.torch.networks.basic.Clamp"
    }
  },
  "replay_buffer_size": 1000000,
  "seed": "64641",
  "trainer_kwargs": {
    "alpha": 0,
    "awr_min_q": true,
    "awr_use_mle_for_vf": true,
    "awr_weight": 1.0,
    "bc_num_pretrain_steps": 0,
    "bc_weight": 0.0,
    "beta": 0.5,
    "clip_score": 0.5,
    "compute_bc": false,
    "discount": 0.99,
    "policy_lr": 0.0003,
    "policy_weight_decay": 0.0001,
    "q_num_pretrain1_steps": 0,
    "q_num_pretrain2_steps": 25000,
    "q_weight_decay": 0,
    "qf_lr": 0.0003,
    "reparam_weight": 0.0,
    "reward_scale": 1,
    "reward_transform_kwargs": null,
    "rl_weight": 1.0,
    "soft_target_tau": 0.005,
    "target_update_period": 1,
    "terminal_transform_kwargs": {
      "b": 0,
      "m": 0
    },
    "use_automatic_entropy_tuning": false,
    "use_awr_update": true,
    "use_reparam_update": false
  },
  "version": "normal"
}